Code,Country_ECDC,Region,Income_group,ACAPS_suppression_number,ACAPS_reference,Description,source,Date_suppression,Date_lastACAPSifnosuppression,WPP_Population,cases_at_suppression,deaths_at_suppression,end_exp_growth,cases_at_end_exponential,deaths_at_end_exponential,cases_per_death
ABW,Aruba,Latin America & Caribbean,High income,4,NA,NA,NA,NA,NA,106.766,NA,NA,NA,NA,NA,NA
AFG,Afghanistan,South Asia,Low income,1,4276,Kabul locked down,https://af.usembassy.gov/message-for-u-s-citizens-movement-restrictions-in-kabul-march-27-2020/,28/03/2020,NA,38928.341,91,2,28/03/2020,91,2,NA
AGO,Angola,Sub-Saharan Africa,Lower middle income,1,4117,President tells people to stay home,"http://www.angop.ao/angola/en_us/noticias/politica/2020/3/14/Covid-President-tells-people-stay-home,e42fa125-9e0f-4009-9f5e-d9f66bbecbcf.html",01/04/2020,NA,32866.268,7,2,01/04/2020,7,2,NA
ALB,Albania,Europe & Central Asia,Upper middle income,1,1940,"16-hour curfew. Individuals are only allowed to leave their homes from 05:00 to 13:00. All movement is prohibited outside of those windows, including both vehicular traffic and pedestrian movement. Exceptions are made",https://pandemic.internationalsos.com/2019-ncov/ncov-travel-restrictions-flight-operations-and-screening#MYS,23/03/2020,NA,2877.8,89,2,23/03/2020,89,2,NA
AND,Andorra,Europe & Central Asia,High income,4,NA,NA,NA,NA,NA,NA,NA,NA,NA,NA,NA,NA
ARE,United Arab Emirates,Middle East & North Africa,High income,1,5293,"national sanitation programme declared effective for 24 hours a day until 4 April. Individuals are prohibited from leaving their homes during the cleaning and disinfection programme, except for essential purposes or if they work in a vital sector.",https://pandemic.internationalsos.com/2019-ncov/ncov-travel-restrictions-flight-operations-and-screening#MYS,26/03/2020,NA,9890.4,333,2,26/03/2020,333,2,NA
ARG,Argentina,Latin America & Caribbean,Upper middle income,1,878,"Until 31st of March included, travels are restricted excepted for valid reasons and population is forced to quarantine. Limited quarantine exemptions include movement to obtain food and medical care and travel to the international airport for ticketed passengers only. Enforced by the police.",https://www.argentina.gob.ar/coronavirus/medidas-gobierno,19/03/2020,NA,45195.777,97,2,19/03/2020,97,2,NA
ARM,Armenia,Europe & Central Asia,Upper middle income,1,3749,"Domestic movement remains possible with official documentation; anyone travelling outside their home is required to carry their passport or official ID, as well as a completed movement questionnaire or a permit provided by an employer.",https://pandemic.internationalsos.com/2019-ncov/ncov-travel-restrictions-flight-operations-and-screening#MYS,24/03/2020,NA,2963.234,194,0,24/03/2020,194,0,NA
ASM,American Samoa,East Asia & Pacific,Upper middle income,4,NA,NA,NA,NA,NA,NA,NA,NA,NA,NA,NA,NA
ATG,Antigua and Barbuda,Latin America & Caribbean,High income,1,4660,"curfew from 8pm to 6 am beginning March 28 to end April 11; defense force will patrol streets to ensure compliance (""persons in contravention are liable to pay a fine of $5,000.00 or imprisomnment for 6 months or both fine and imprisonment",https://ab.gov.ag/pdf/covid_news/mar_27_2020_State_of_Emergency_in_Antigua_and_Barbuda.pdf,28/03/2020,NA,97.928,7,0,28/03/2020,7,0,NA
AUS,Australia,East Asia & Pacific,High income,1,3521,"Australia goes into level 3 shutdown: Everyone should stay home unless you are: shopping for essentials, receiving medical care, exercising or travelling to work or education",https://www.pm.gov.au/media/national-cabinet-statement,29/03/2020,NA,25499.881,3809,14,29/03/2020,3809,14,272.0714286
AUT,Austria,Europe & Central Asia,High income,1,405,"Citizens are suspend all non-essential activities outside their homes and stay in their homes for the duration for one week; ecemptions are essential work, for essential shopping or services, helping someone else, physical activity if alone or with co-living persons",https://www.sozialministerium.at/Informationen-zum-Coronavirus/Coronavirus---Aktuelle-Ma%C3%9Fnahmen.html,16/03/2020,NA,9006.4,860,1,16/03/2020,860,1,NA
AZE,Azerbaijan,Europe & Central Asia,Upper middle income,1,4741,"only allowed to leave place of residences under certain specific circumstances: employed as essentail workers; to seek medical assistance; go to grocery store, pharmacy, bank, postal service, attend funeral of close relative (BASED ON PERMISSION VIA SMS: send text to dedicated number with code for activity you want permission to go out for; different codes for citizens vs. foreigners currently in country. no need for permission in case of urgent life threatening matters; first from 24/03 then extended measures from 05/04. to last until 20/04",https://azerbaijan.travel/covid-19-en,24/03/2020,NA,10139.175,72,1,24/03/2020,72,1,NA
BDI,Burundi,Sub-Saharan Africa,Low income,3,NA,NA,NA,NA,04/04/2020,11890.781,NA,NA,04/04/2020,3,0,NA
BEL,Belgium,Europe & Central Asia,High income,1,894,"Police enforced general lock-down limiting the leaving of ones home only for emergencies, helping others and essential errands. Gathering and meetings are prohibited. Companies required to organize telework where possible, without exeption. Measures set to last until 5th April.",https://www.belgium.be/nl/nieuws/2020/coronavirus_versterkte_maatregelen,18/03/2020,NA,11589.616,1243,5,18/03/2020,1243,5,248.6
BEN,Benin,Sub-Saharan Africa,Low income,1,2096,"Towns of Cotonou, Abomey-Calavi, Allada, Ouidah, Sèmè-Podji, Porto-Novo, Akpro-Missérété and Adjarra are under lockdown and isolated from the rest of the country by checkpoints.",https://www.gouv.bj/coronavirus/mesures/,23/03/2020,NA,12123.198,2,0,23/03/2020,2,0,NA
BFA,Burkina Faso,Sub-Saharan Africa,Low income,1,2431,From 1900 to 0500 (curfew),https://www.gov.uk/foreign-travel-advice/burkina-faso,21/03/2020,NA,20903.278,40,1,21/03/2020,40,1,NA
BGD,Bangladesh,South Asia,Lower middle income,3,NA,NA,NA,NA,16/03/2020,164689.383,NA,NA,16/03/2020,3,0,NA
BGR,Bulgaria,Europe & Central Asia,Upper middle income,3,NA,NA,NA,NA,18/03/2020,6948.445,NA,NA,18/03/2020,81,2,NA
BHR,Bahrain,Middle East & North Africa,High income,1,2957,Curfew 18.00 to 05.00 - Police enforced. ,https://pandemic.internationalsos.com/2019-ncov/ncov-travel-restrictions-flight-operations-and-screening#MYS,26/03/2020,NA,1701.583,419,3,26/03/2020,419,3,139.6666667
BHS,Bahamas,Latin America & Caribbean,High income,1,4774,"24-hour curfew, with some exceptions for essential workers and movement. March 24-31",http://www.bahamas.gov.bs/wps/portal/public/gov/government/news/department%20of%20environmental%20health%20services%20disinfecting%20to%20limit%20spread%20of%20covid-19/!ut/p/b1/vZTJrqNIEEW_5X0Az2QyepmY0YCZJ28QkzFgBmMwhq8vv5Zaqq5Sd_WiqzNXKd3QVdw4kbvzLgKAxHFAA0Dtwt25S55VmUxV3yW3r_eZjglc0hEiWZ0VaYQrHiESlIoIyQJvQfS9QKJw-i0wNWQyMjRI_N_V439z0C_rg10oezTDP5SFNxdfe8H6Kiq9fGn0QOSU7hT1eTJG6rg3184yiTNhmDO-PSSahsKlA8Ox6FNUJVjRR4H_2IxMr0WMGxNF8fWt59xHmF1OPqASqSk5agAj2fAMX9bMiPojGEh0aCKLjHy-klIbDYPnDQeCLjSbh06b4NBN-4wwJVHsqZFVRYOo8ebSmXzvpg_zyHMmPHdauCQW9nzkbR00NIxDOF9YBA5iP5cfH7voHQLzfcYG-w6BcU1EwXdG1M7dhXVEnJKHvgiKfbHt7OInID4XeVuUJdWiNPEGVfMSG2hHdFPWxtgbzbhfmsOBmbdN3-Rxft0Xor5FSyf3BTbmdR3IK8yezy6cE1YrNbK47GmZLV4vHCPtbVaNLu5DAlI33m3VsosyCfTA9vJ0u_piGfi-g7z8IKfHhIqUeAm64VRrs2JTQi4_huTpVTfibpWCwh3GVL3n_nVtVNcLOmsCZPGUBpW4EAucecZUvRUKfuZSzUO7DjedkiZe4Ls0IdoDdeU1meQlF0hIeyUiEjaBv6rdK2uGmawSPp_kHN5Y1ZKi4KgvXX9a8ZegBvx0NdW7AXNbKPSwsxrF9dQpKW6QcaoiK4JpWrt4MWscFvkbtPNfWfwBdRX-QvC1C38I_gH2k9y3xU_zdn0cVwCObAdYOMswX_PGydip10HZms2uNws4tbA4wgJwAUKdl71TKuqnXAUnHm24h29O06zccj8PoEloLKPVqj8gHSNbvvkJMAO6-7fhAdCqR-GORPxuwx-Jpn-XoWTo1uGrQ5f76pCQZURrhCGA_9vwv4_0uDtXafu5ZO0n_kmRgKL2AO5pyEAGMDt_8jAmLfUXbz58zSbdGRpbXrByqOmecXuGAoZCzQiyuINef42twdYHq1KGZ1yZYepfQpm7bl3XTudXra5M5tBMZV3ZaT5zlpeyzGxzqZ-M93GLm7GjXn3qTizIidIC8jEwIh04CeqgdUCbepWUoHJ7Q0ujU2oZd47cB916aiFqN6ZCON-TTSNWZHp1fPqV9yW7imJmZboLn9H2IDufKuI8xlrNVgl4i6o9LXH2WIDHZkutYF8w2GNs47QgxoYgwoiJLZyBsoyvz7Q930SNGmlbXgD7513Qxzd6efKn/dl4/d5/L2dBISEvZ0FBIS9nQSEh/,24/03/2020,NA,393.248,4,0,24/03/2020,4,0,NA
BIH,Bosnia and Herzegovina,Europe & Central Asia,Upper middle income,1,2765,24 hours curfew for those 65+ and a general curfew of 2000 to 0500,https://pandemic.internationalsos.com/2019-ncov/ncov-travel-restrictions-flight-operations-and-screening#MYS,19/03/2020,NA,3280.815,36,0,19/03/2020,36,0,NA
BLR,Belarus,Europe & Central Asia,Upper middle income,3,NA,NA,NA,NA,20/03/2020,9449.321,NA,NA,20/03/2020,57,0,NA
BLZ,Belize,Latin America & Caribbean,Upper middle income,3,NA,NA,NA,NA,23/03/2020,397.621,NA,NA,NA,NA,NA,NA
BMU,Bermuda,North America,High income,4,NA,NA,NA,NA,NA,NA,NA,NA,NA,NA,NA,NA
BOL,Bolivia,Latin America & Caribbean,Lower middle income,1,973,"All public and private actvities are suspended until 15th of April, with few exceptions.",https://bo.usembassy.gov/covid-19-information/,17/03/2020,NA,11673.029,11,0,17/03/2020,11,0,NA
BRA,Brazil,Latin America & Caribbean,Upper middle income,2,NA,NA,NA,NA,NA,212559.409,NA,NA,21/03/2020,904,11,82.18181818
BRB,Barbados,Latin America & Caribbean,High income,1,5199,curfew for all nonessential workers from march 28 to april 14 from 6pm to 6 am,https://gisbarbados.gov.bb/blog/emergency-management-covid-19-curfew-no-2-directive-2020/,03/04/2020,NA,287.371,45,0,03/04/2020,45,0,NA
BRN,Brunei Darussalam,East Asia & Pacific,High income,3,NA,NA,NA,NA,21/03/2020,437.483,NA,NA,21/03/2020,78,0,NA
BTN,Bhutan,South Asia,Lower middle income,3,NA,NA,NA,NA,06/03/2020,771.612,NA,NA,06/03/2020,1,0,NA
BWA,Botswana,Sub-Saharan Africa,Upper middle income,1,3926,"28 day extreme social distancing will occur where people may only leave the home to perform essential services or for collecting social protection packages, purchase of usual household or agricultural supplies, and seeking emergency, lifesaving or chronic medical attention. Forms will be necessary to prove ones reaosn to leave the home.",https://www.facebook.com/BotswanaGovernment/?__tn__=kCH-R&eid=ARBs0Bkkj66hQ0oLllLK_mYzk5NTsyNQ_WP-ly6-PhnbB7US8bS-Nvh2Y_VzgeCgcF2TytqEIMOzayub&hc_ref=ARSsKjrsRAoK9JujmCjfxcq-Z-F8Rvm4LMKPIAVeSpm24BCsQi9svLmrgKg8PDMtRG4&fref=nf,02/04/2020,NA,2351.625,4,1,02/04/2020,4,1,NA
CAF,Central African Republic,Sub-Saharan Africa,Low income,3,NA,NA,NA,NA,08/04/2020,4829.764,NA,NA,08/04/2020,9,0,NA
CAN,Canada,North America,High income,3,NA,NA,NA,NA,25/03/2020,37742.157,NA,NA,25/03/2020,1959,27,72.55555556
CHE,Switzerland,Europe & Central Asia,High income,1,2388,Maximum 5 person gatherings are allowed,https://www.swissinfo.ch/eng/covid-19-_-geneva-bans-gatherings-of-more-than-five-people-/45619940,20/03/2020,NA,8654.618,3888,33,20/03/2020,3888,33,117.8181818
CHI,Channel Islands,Europe & Central Asia,High income,4,NA,NA,NA,NA,NA,173.859,NA,NA,NA,NA,NA,NA
CHL,Chile,Latin America & Caribbean,High income,1,2572,Nationwide curfew between the hours of 2200 and 0500 until further notice.,https://www.gov.uk/foreign-travel-advice/chile,22/03/2020,NA,19116.209,537,0,22/03/2020,537,0,NA
CHN,China,East Asia & Pacific,Upper middle income,2,NA,NA,NA,NA,NA,1439323.774,NA,NA,22/01/2020,499,17,29.35294118
CIV,Cote d'Ivoire,Sub-Saharan Africa,Lower middle income,1,2711,National curfew between 2100 and 0500.,https://www.diplomatie.gouv.fr/fr/conseils-aux-voyageurs/conseils-par-pays-destination/cote-d-ivoire/,24/03/2020,NA,26378.275,25,0,24/03/2020,25,0,NA
CMR,Cameroon,Sub-Saharan Africa,Lower middle income,3,NA,NA,NA,NA,04/04/2020,26545.864,NA,NA,04/04/2020,509,8,63.625
COD,Democratic Republic of Congo,Sub-Saharan Africa,Low income,3,NA,NA,NA,NA,06/04/2020,89561.404,NA,NA,06/04/2020,154,18,8.555555556
COG,Republic of the Congo,Sub-Saharan Africa,Lower middle income,1,3651,"The entire population must confine at home for 30 days, with exception made for essential travels (buying food or medical transportation). All non essential shops are closed.",http://nwzkbpn.cluster023.hosting.ovh.net/storage/app/public/files/D%C3%A9claration%20du%20Pr%C3%A9sident%20de%20la%20R%C3%A9publique%20sur%20le%20Coronavirus%20Covid-19-2020-03-30-5e82280983017.pdf,31/03/2020,NA,5518.092,19,0,31/03/2020,19,0,NA
COL,Colombia,Latin America & Caribbean,Upper middle income,1,2580,National forced quarantine and confinment until 12th of april.,https://coronaviruscolombia.gov.co/Covid19/acciones-20-marzo.html,24/03/2020,NA,50882.884,306,3,24/03/2020,306,3,102
COM,Comoros,Sub-Saharan Africa,Lower middle income,3,NA,NA,NA,NA,09/04/2020,869.595,NA,NA,NA,NA,NA,NA
CPV,Cabo Verde,Sub-Saharan Africa,Lower middle income,1,3055,"all public services and companies are closed throughout the national territory, unless they are related to essential services. Depending on the circumstances, teleworking and work from home can be used, but under no circumstances will workers be harmed in their employment and wages.",https://www.governo.cv/elevamos-o-nivel-de-contingencia-da-protecao-civil-a-situacao-de-risco-de-calamidade-ulisses-correia-e-silva/,27/03/2020,NA,555.988,5,1,27/03/2020,5,1,NA
CRI,Costa Rica,Latin America & Caribbean,Upper middle income,1,3970,"From 8th to 12th of april, all transports, except essential (for food or medicine), are forbidden. All public transports are suspended. Essential travels are limited depending on plate numbers.",https://www.ministeriodesalud.go.cr/index.php/centro-de-prensa/noticias/741-noticias-2020/1594-en-el-marco-de-la-semana-santa-gobierno-refuerza-medidas-para-contener-el-contagio-por-el-covid-19,08/04/2020,NA,5094.114,483,2,08/04/2020,483,2,NA
CUB,Cuba,Latin America & Caribbean,Upper middle income,3,NA,NA,NA,NA,12/04/2020,11326.616,NA,NA,12/04/2020,620,16,38.75
CUW,Curacao,Latin America & Caribbean,High income,4,NA,NA,NA,NA,NA,164.1,NA,NA,NA,NA,NA,NA
CYM,Cayman Islands,Latin America & Caribbean,High income,4,NA,NA,NA,NA,NA,NA,NA,NA,NA,NA,NA,NA
CYP,Cyprus,Europe & Central Asia,High income,1,2222,"partial curfew will be in place for 14 days.  Individuals may only leave their residences to seek goods and services from essential personnel and businesses.  All public sector employees except for the police force, fire department, health, civil aviation, finance and similar services will be under administrative leave until March 27, 2020.  Private sector businesses except those which provide basic needs such as groceries, bakeries, gas stations, pharmacies, etc., will also be closed until at least March 27.  All business hours are restricted from 07:00 to 18:00.",https://cy.usembassy.gov/covid-19-information/,23/03/2020,NA,1207.361,95,0,23/03/2020,95,0,NA
CZE,Czechia,Europe & Central Asia,High income,1,456,"Nationwide quarantine from 16 March until 24 March, except for essential needs, helping others and necessary trips to famillies; extended to last until 11th April",https://cz.usembassy.gov/covid-19-information/,16/03/2020,NA,10708.982,298,0,16/03/2020,298,0,NA
DEU,Germany,Europe & Central Asia,High income,1,5596,"Only essential trips, including for work are still allowed and with more stringent public movement rules",https://www.bundesregierung.de/breg-de/themen/coronavirus/besprechung-der-bundeskanzlerin-mit-den-regierungschefinnen-und-regierungschefs-der-laender-1733248,22/03/2020,NA,83783.945,21463,67,22/03/2020,21463,67,320.3432836
DJI,Djibouti,Middle East & North Africa,Lower middle income,3,NA,NA,NA,NA,18/03/2020,988.002,NA,NA,NA,NA,NA,NA
DMA,Dominica,Latin America & Caribbean,Upper middle income,3,NA,NA,NA,NA,26/03/2020,NA,NA,NA,26/03/2020,7,0,NA
DNK,Denmark,Europe & Central Asia,High income,1,1285,"Prohibition of events, events, etc. with more than 10 people; provisionally valid until 30th March",https://politi.dk/coronavirus-i-danmark/seneste-tiltag-mod-spredning-af-coronavirus-covid-19,18/03/2020,NA,5792.203,1024,4,18/03/2020,1024,4,256
DOM,Dominican Republic,Latin America & Caribbean,Upper middle income,1,1481,"Evening curfew implemented from 20 March until 3 April between the hours of 8pm and 6am. Applies to all persons in the country, except those with specific exemptions.",https://www.gov.uk/foreign-travel-advice/dominican-republic/coronavirus,20/03/2020,NA,10847.904,21,0,20/03/2020,21,0,NA
DZA,Algeria,Middle East & North Africa,Upper middle income,1,2427,All taxis banned countrywide. Rail and public or private/public transport between wilayas has been suspended as well as public transport within urban centers.,https://pandemic.internationalsos.com/2019-ncov/ncov-travel-restrictions-flight-operations-and-screening#MYS,23/03/2020,NA,43851.043,201,17,23/03/2020,201,17,11.82352941
ECU,Ecuador,Latin America & Caribbean,Upper middle income,1,1483,Stict confinement with a curfew from 9pm to 5am.,https://www.diplomatie.gouv.fr/fr/conseils-aux-voyageurs/conseils-par-pays-destination/equateur/,17/03/2020,NA,17643.06,58,2,17/03/2020,58,2,NA
EGY,Egypt,Middle East & North Africa,Lower middle income,1,2225,two weeks the Government of Egypt will begin enforcing a nighttime curfew from 7:00 p.m. to 6:00 a.m. Anyone who violates the curfew could face a 4000 EGP fine or possible imprisonment.,https://eg.usembassy.gov/u-s-citizen-services/covid-19-information/,25/03/2020,NA,102334.403,366,19,25/03/2020,366,19,19.26315789
ERI,Eritrea,Sub-Saharan Africa,Low income,1,2679,"Every person should avoid non-essential movement within the city or village of residence as well as travel to other places inside the country.  Every person should likewise avoid travel by bus, mini-bus and taxis unless in emergencies.",http://shabait.com/news/local-news/30342--ministry-of-health-public-guidelines-no-3,23/03/2020,NA,3546.427,1,0,23/03/2020,1,0,NA
ESP,Spain,Europe & Central Asia,High income,1,712,"Movement only allowed for: travel to make essential purchases (food, hygiene, health, first necessity), in strict compliance with basic precautionary measures; travel to his place of work and return to his usual place of residence; travel to access banking services; travel to provide care and assistance to vulnerable people; travel in cases of force majeure.; fines from 100 to 600.000 EUR",https://www.diplomatie.gouv.fr/fr/conseils-aux-voyageurs/conseils-par-pays-destination/espagne,16/03/2020,NA,46754.783,11491,288,16/03/2020,11491,288,39.89930556
EST,Estonia,Europe & Central Asia,High income,1,3013,2+2 approach in all public spaces; max. 2 people out together (exception of families or same households) and minimum two meter distance at all times,https://www.kriis.ee/en/news/additional-measures-emergency-situation,25/03/2020,NA,1326.539,369,0,25/03/2020,369,0,NA
ETH,Ethiopia,Sub-Saharan Africa,Low income,1,5020,"The government has banned gatherings of more than four people unless there is an absolute necessity, in which case permits need to be acquired from authorities. Handshakes are also not allowed.",https://www.bbc.com/news/world/africa/live,11/04/2020,NA,114963.583,65,2,11/04/2020,65,2,NA
FIN,Finland,Europe & Central Asia,High income,1,1329,"Public gatherings are limited to no more than ten persons, and it is recommend to avoid spending unnecessary time in public places. Per state of emergency declaration",https://valtioneuvosto.fi/en/article/-/asset_publisher/10616/hallitus-totesi-suomen-olevan-poikkeusoloissa-koronavirustilanteen-vuoksi,16/03/2020,NA,5540.718,267,0,16/03/2020,267,0,NA
FJI,Fiji,East Asia & Pacific,Upper middle income,1,2816,Fiji will be under a nationwide curfew from 10pm to 5am daily from Mar 30 because Fijians were not taking seriously the advice to restrict movement.,https://www.rnz.co.nz/international/pacific-news/412756/fiji-to-be-under-nationwide-curfew-from-monday,30/03/2020,NA,896.444,5,0,30/03/2020,5,0,NA
FRA,France,Europe & Central Asia,High income,1,783,"further restrictions of movement, all people requested to remain at home unless for essential purposes starting 17 March to last until 15th April",https://www.interieur.gouv.fr/Actualites/L-actu-du-Ministere/Attestation-de-deplacement-derogatoire-et-justificatif-de-deplacement-professionnel,17/03/2020,NA,65273.512,6633,148,17/03/2020,6633,148,44.81756757
FRO,Faroe Islands,Europe & Central Asia,High income,4,NA,NA,NA,NA,NA,NA,NA,NA,NA,NA,NA,NA
FSM,Micronesia (Fed. States of),East Asia & Pacific,Lower middle income,3,NA,NA,NA,NA,15/04/2020,115.021,NA,NA,NA,NA,NA,NA
GAB,Gabon,Sub-Saharan Africa,Upper middle income,1,1553,Country-wide curfew between the hours of 7:30 p.m. and 6:00 a.m.,https://ga.usembassy.gov/health-alert-u-s-embassy-libreville-gabon-march-21-2020/,22/03/2020,NA,2225.728,3,1,22/03/2020,3,1,NA
GBR,United Kingdom,Europe & Central Asia,High income,1,1876,"General lockdown in UK of immediate effect. People are only permitted to leave home for 3 reasons: shoppig for basic necessities as infrequently as possible, one for of exercise a day (alone or with members of your household), any medical need, and travelling to and from work but only where this is absolutely necessary and cannot be done at home.",https://www.bbc.com/news/uk-52012432,24/03/2020,NA,67886.004,6650,359,24/03/2020,6650,359,18.52367688
GEO,Georgia,Europe & Central Asia,Upper middle income,1,3866,Nationwide lockdown,https://civil.ge/archives/344761,30/03/2020,NA,3989.175,90,0,30/03/2020,90,0,NA
GHA,Ghana,Sub-Saharan Africa,Lower middle income,1,3134,"Movement of people has been restricted except to get essential items and use public bathrooms, and there shall be no inter-city movement of commerical and private vehicles/aircrafts excpet to deliver essential goods.",https://twitter.com/moigovgh/status/1243686930346360835/photo/4,30/03/2020,NA,31072.945,152,5,30/03/2020,152,5,30.4
GIB,Gibraltar,Europe & Central Asia,High income,4,NA,NA,NA,NA,NA,NA,NA,NA,NA,NA,NA,NA
GIN,Guinea,Sub-Saharan Africa,Low income,1,4207,National curfew from 21:00 to 05:00,https://www.gov.uk/foreign-travel-advice/guinea/coronavirus,30/03/2020,NA,13132.792,8,0,30/03/2020,8,0,NA
GMB,Gambia,Sub-Saharan Africa,Low income,1,3328,"closure of all non-essential shops, bars, cafés, casinos, sporting  venues, and all forms of public gatherings.",https://www.journalducameroun.com/en/gambia-declares-state-of-emergency-over-covid-19/,01/04/2020,NA,2416.664,4,1,01/04/2020,4,1,NA
GNB,Guinea-Bissau,Sub-Saharan Africa,Low income,1,4153,"movements are restricted to essential ones, while citizens are asked to stay at home.",https://pandemic.internationalsos.com/2019-ncov/ncov-travel-restrictions-flight-operations-and-screening,28/03/2020,NA,1967.998,2,0,28/03/2020,2,0,NA
GNQ,Equatorial Guinea,Sub-Saharan Africa,Upper middle income,1,3664,"Under 30 day Health State of Alarm: a temporary suspension of all types of demonstration or gathering of over TEN (10) people in the same place, together with the celebration of parties, traditional weddings, wakes or funerals, burials, gaming rooms, beleles, parks, fairs and other similar events.",https://www.guineaecuatorialpress.com/noticia.php?id=15226,31/03/2020,NA,1402.985,14,0,31/03/2020,14,0,NA
GRC,Greece,Europe & Central Asia,High income,1,2244,"A curfew is in effect March 23 – April 6 throughout Greece.  Violators will be fined 150 Euros per violation.  You must carry your passport or other identification at all times and have a valid reason to be out.  Follow instructions on the Greek authority’s website.  Type A movement is for work (contact your employer), Type B is an essential personal movement (supermarket, pharmacy, etc. as defined on the form).",https://pandemic.internationalsos.com/2019-ncov/ncov-travel-restrictions-flight-operations-and-screening#MYS,23/03/2020,NA,10423.056,624,15,23/03/2020,624,15,41.6
GRD,Grenada,Latin America & Caribbean,Upper middle income,3,NA,NA,NA,NA,24/03/2020,112.519,NA,NA,24/03/2020,1,0,NA
GRL,Greenland,Europe & Central Asia,High income,4,NA,NA,NA,NA,NA,NA,NA,NA,NA,NA,NA,NA
GTM,Guatemala,Latin America & Caribbean,Upper middle income,1,2346,"effective Sunday, March 22, a nationwide curfew will take effect. The curfew is from 4:00 p.m. to 4:00 a.m. and is scheduled to be in effect until March 29. Everyone in Guatemala, including foreigners, is expected to remain in their homes during curfew hours. The only exceptions are for police, private security, medical professionals and ambulances, food delivery drivers, and certain other essential personnel. While food delivery service will continue during the curfew, grocery stores are expected to close before the curfew takes effect. The Guatemalan police and security forces will enforce the curfew.",https://gt.usembassy.gov/guatemala-begins-curfew-starting-march-22/,22/03/2020,NA,17915.567,17,1,22/03/2020,17,1,NA
GUM,Guam,East Asia & Pacific,High income,4,NA,NA,NA,NA,NA,168.783,NA,NA,NA,NA,NA,NA
GUY,Guyana,Latin America & Caribbean,Upper middle income,4,NA,NA,NA,NA,NA,786.559,NA,NA,NA,NA,NA,NA
HKG,"Hong Kong SAR, China",East Asia & Pacific,High income,1,4470,"Group gatherings of more than four people in public places are prohibited, from midnight on March 29 for 14 days, until April 11. Twelve types of group gatherings are exempted, including group gatherings for the purposes of or related to transportation, performing any governmental function, at a place of work for the purposes of work, and of persons living in the same household. Offenders are liable to a maximum penalty of a $25,000 fine and imprisonment for six months.",https://www.news.gov.hk/eng/2020/03/20200328/20200328_110413_745.html?type=category&name=covid19&tl=t,10/04/2020,NA,7496.988,NA,NA,NA,NA,NA,NA
HND,Honduras,Latin America & Caribbean,Lower middle income,1,2349,"On March 16, 2020, the Government of Honduras announced a total curfew in Tegucigalpa, Choluteca and La Ceiba, which was later extended to the entire country until Sunday, March 29, and could potentially be extended after this time. This curfew severely limits the movement of the general population. According to the announcement, individuals encountered outside without a legitimate reason, such as a medical emergency, risk arrest by police.",https://hn.usembassy.gov/covid-19-information/,16/03/2020,NA,9904.608,6,0,16/03/2020,6,0,NA
HRV,Croatia,Europe & Central Asia,High income,1,2925,"Intercity travel and vehicular traffic is suspended, with exceptions for essential workers and reasons",https://hr.usembassy.gov/covid-19-information-2/,23/03/2020,NA,4105.268,235,0,23/03/2020,235,0,NA
HTI,Haiti,Latin America & Caribbean,Low income,1,1601,Citizens must stay at home and limit movement to essential only,https://www.gov.uk/foreign-travel-advice/haiti/health,20/03/2020,NA,11402.533,2,0,20/03/2020,2,0,NA
HUN,Hungary,Europe & Central Asia,High income,3,NA,NA,NA,NA,24/03/2020,9660.35,NA,NA,24/03/2020,187,8,23.375
IDN,Indonesia,East Asia & Pacific,Lower middle income,3,NA,NA,NA,NA,30/03/2020,273523.621,NA,NA,30/03/2020,1285,114,11.27192982
IMN,Isle of Man,Europe & Central Asia,High income,4,NA,NA,NA,NA,NA,NA,NA,NA,NA,NA,NA,NA
IND,India,South Asia,Lower middle income,3,NA,NA,NA,NA,22/03/2020,1380004.385,NA,NA,22/03/2020,320,4,80
IRL,Ireland,Europe & Central Asia,High income,1,2910,Ireland has enforced a partial lockdown. People may only leave their homes for 3 reasons: to travel to or from work if you are providing an essential service; to shop for food; to collect medical prescriptions and medical supplies and attend medical appointments; to carry out vital services like caring (including family carers); for brief individual exercise - within 2 kilometres of your house keeping 2 metres away from others for social distancing; for farming.,https://www.gov.ie/en/news/7e0924-latest-updates-on-covid-19-coronavirus/,28/03/2020,NA,4937.796,2121,22,28/03/2020,2121,22,96.40909091
IRN,Iran,Middle East & North Africa,Upper middle income,2,NA,NA,NA,NA,NA,83992.953,NA,NA,25/02/2020,61,12,5.083333333
IRQ,Iraq,Middle East & North Africa,Upper middle income,1,1203,"24-hr curfew in Baghdad  and Kurdish region ""IKR""(until at least 24. March)",https://iq.usembassy.gov/covid-19-information/,17/03/2020,NA,40222.503,124,9,17/03/2020,124,9,13.77777778
ISL,Iceland,Europe & Central Asia,High income,3,NA,NA,NA,NA,10/04/2020,341.25,NA,NA,10/04/2020,1648,6,274.6666667
ISR,Israel,Middle East & North Africa,High income,1,1864,mandatory lockdown: do not go outside unless absolutely necessary.,https://govextra.gov.il/ministry-of-health/corona/corona-virus-en/guidelines/#lockdown,17/03/2020,NA,8655.541,260,0,17/03/2020,260,0,NA
ITA,Italy,Europe & Central Asia,High income,1,1689,General lockdown across component of everyday life; businesses can continue if they implement safety measures,https://www.gazzettaufficiale.it/eli/id/2020/03/08/20A01522/sgDECRETO%20DEL%20PRESIDENTE%20DEL%20CONSIGLIO%20DEI%20MINISTRI%208%20marzo%202020,08/03/2020,NA,60461.828,5883,233,08/03/2020,5883,233,25.24892704
JAM,Jamaica,Latin America & Caribbean,Upper middle income,1,3870,"daily: 8:00 P.M. to 6:00 A.M. island curfew. The curfew will run for seven days and is scheduled to end at 6:00 A.M. on April 8, 2020.",https://jm.usembassy.gov/covid-19-information-jamaica/,01/04/2020,NA,2961.161,38,1,01/04/2020,38,1,NA
JOR,Jordan,Middle East & North Africa,Upper middle income,1,843,Government imposes Defense law. All public and private offices shut down for two weeks.  Movement between cities and towns is stritcly prohibilited.  Military is deployed to enforce regulations,NRC MERO (Internal document),18/03/2020,NA,10203.14,35,0,18/03/2020,35,0,NA
JPN,Japan,East Asia & Pacific,High income,2,NA,NA,NA,NA,NA,126476.458,NA,NA,11/03/2020,568,12,47.33333333
KAZ,Kazakhstan,Europe & Central Asia,Upper middle income,3,NA,NA,NA,NA,28/03/2020,18776.707,NA,NA,28/03/2020,193,0,NA
KEN,Kenya,Sub-Saharan Africa,Lower middle income,1,2748,Kenya is instating a curfew from 7pm - 5am for all citizens. Only medical professionals and critical and essential service providers will be exempt from the curfew. Kenyatta also announced a series of tax breaks to assist residents affected by the outbreak.,https://twitter.com/MOH_Kenya/status/1243525430147235843,27/03/2020,NA,53771.3,31,1,27/03/2020,31,1,NA
KGZ,Kyrgyz Republic,Europe & Central Asia,Lower middle income,3,NA,NA,NA,NA,14/03/2020,6524.191,NA,NA,NA,NA,NA,NA
KHM,Cambodia,East Asia & Pacific,Lower middle income,3,NA,NA,NA,NA,17/03/2020,16718.971,NA,NA,17/03/2020,24,0,NA
KIR,Kiribati,East Asia & Pacific,Lower middle income,3,NA,NA,NA,NA,14/04/2020,119.446,NA,NA,NA,NA,NA,NA
KNA,St. Kitts and Nevis,Latin America & Caribbean,High income,3,NA,NA,NA,NA,25/03/2020,NA,NA,NA,NA,NA,NA,NA
KOR,South Korea,East Asia & Pacific,High income,2,NA,NA,NA,NA,NA,51269.183,NA,NA,26/02/2020,1146,11,104.1818182
KWT,Kuwait,Middle East & North Africa,High income,1,1730,"Nationwide curfew from 5:00pm until 4:00am; violations fined by 10,000KD and imprisoned for up to three years. Foreign nationals found in violation of the curfew order also risk deportation.",https://kw.usembassy.gov/covid-19-information/,22/03/2020,NA,4270.563,176,0,22/03/2020,176,0,NA
LAO,Lao PDR,East Asia & Pacific,Lower middle income,3,NA,NA,NA,NA,17/02/2020,7275.556,NA,NA,NA,NA,NA,NA
LBN,Lebanon,Middle East & North Africa,Upper middle income,1,2989,Curfew from 19.00 to 05.00.,https://pandemic.internationalsos.com/2019-ncov/ncov-travel-restrictions-flight-operations-and-screening#MYS,26/03/2020,NA,6825.442,333,4,26/03/2020,333,4,83.25
LBR,Liberia,Sub-Saharan Africa,Low income,1,4989,"Liberia announces 3 week partial lockdown. During this period, residents may leave home only for essential journeys like reasons of health and food which should be restricted to your local communities and be limited to a single person per household for a maximum of one hour. The emergency law will last for three weeks and is renewable “until the threat to Liberia from the Covid-19 virus no longer exists"".",https://www.bbc.com/news/topics/c77jz3md70rt/liberia,10/04/2020,NA,5057.677,31,4,10/04/2020,31,4,7.75
LBY,Libya,Middle East & North Africa,Upper middle income,1,1946,"Curfew set from 6pm to 6am, extended on 23rd March for 10 days",https://www.reuters.com/article/us-health-coronavirus-libya-curfew/eastern-libya-imposes-curfew-over-pandemic-idUSKBN21526W,18/03/2020,NA,6871.287,0,0,18/03/2020,0,0,NA
LCA,St. Lucia,Latin America & Caribbean,Upper middle income,1,3757,Partial scale down of all non-essential economic and social activities for a two-week period commencing from date *until April 5,https://34a1ju2gva4u3yrm051vedfb-wpengine.netdna-ssl.com/wp-content/uploads/2020/03/Statement-on-scale-down-of-Non-Essential-Services.pdf.pdf.pdf,23/03/2020,NA,183.629,2,0,23/03/2020,2,0,NA
LIE,Liechtenstein,Europe & Central Asia,High income,1,527,closure of restaurants and bars starting 16 March; no more gatherings with more than 5 persons,https://www.regierung.li/media/attachments/119-corona-massnahmen-verschaerft-0315.pdf?t=637199612907342827,16/03/2020,NA,NA,7,0,16/03/2020,7,0,NA
LKA,Sri Lanka,South Asia,Upper middle income,1,1178,Island wide curfew 6.00 pm today (March 20) until 6.00 am on Monday (March 23). imposed to stop the spread of Corona – quarantine centres increased to 22,https://news.lk/news/political-current-affairs/item/29806-island-wide-curfew-imposed-to-stop-the-spread-of-corona-quarantine-centres-increased-to-22,20/03/2020,NA,21413.25,53,0,20/03/2020,53,0,NA
LSO,Lesotho,Sub-Saharan Africa,Lower middle income,1,3474,"Lesotho goes into lockdown until the 21st of April. Residents will still be permitted to buy food and seek medical care during this period. Emergency responders, health workers, and security service staff are exempt from the lockdown measures.",https://www.garda.com/crisis24/news-alerts/327786/lesotho-authorities-announce-lockdown-and-entry-restrictions-due-to-covid-19-effective-march-30,30/03/2020,NA,2142.252,0,0,30/03/2020,0,0,NA
LTU,Lithuania,Europe & Central Asia,High income,1,432,In country travels limitations and 1 meter distance between people.,http://sam.lrv.lt/en/news/quarantine-announced-throughout-the-territory-of-the-republic-of-lithuania-attached-resolution,16/03/2020,NA,2722.291,14,0,16/03/2020,14,0,NA
LUX,Luxembourg,Europe & Central Asia,High income,1,2125,"Leaving is allowed for essentials, to get fresh air and work (if home office is not applicable)",https://msan.gouvernement.lu/en/actualites.gouvernement%2Ben%2Bactualites%2Btoutes_actualites%2Bcommuniques%2B2020%2B03-mars%2B17-declaration-premier-chd.html,17/03/2020,NA,625.976,81,1,17/03/2020,81,1,NA
LVA,Latvia,Europe & Central Asia,High income,3,NA,NA,NA,NA,09/04/2020,1886.202,NA,NA,09/04/2020,577,2,NA
MAC,"Macao SAR, China",East Asia & Pacific,High income,4,NA,NA,NA,NA,NA,649.342,NA,NA,NA,NA,NA,NA
MAF,St. Martin (French part),Latin America & Caribbean,High income,4,NA,NA,NA,NA,NA,NA,NA,NA,NA,NA,NA,NA
MAR,Morocco,Middle East & North Africa,Lower middle income,3,NA,NA,NA,NA,16/03/2020,36910.558,NA,NA,16/03/2020,28,1,NA
MCO,Monaco,Europe & Central Asia,High income,4,NA,NA,NA,NA,NA,NA,NA,NA,NA,NA,NA,NA
MDA,Moldova,Europe & Central Asia,Lower middle income,1,3108,the army will be deployed to enforce restriction measures.,https://pandemic.internationalsos.com/2019-ncov/ncov-travel-restrictions-flight-operations-and-screening#MYS,25/03/2020,NA,4033.963,125,1,25/03/2020,125,1,NA
MDG,Madagascar,Sub-Saharan Africa,Low income,1,1614,A curfew is in place from 20:00 to 05:00.,https://www.gov.uk/foreign-travel-advice/madagascar/coronavirus,23/03/2020,NA,27691.019,3,0,23/03/2020,3,0,NA
MDV,Maldives,South Asia,Upper middle income,1,5014,Between 17:00 and 20:00 all must stay at home and there are restrictions on all road traffic (including pedestrians). There is suspesion of all public transport during these hours. Exceptions for key workers.,https://covid19.health.gov.mv/wp-content/uploads/2020/04/Notice-number-28-Eng.pdf,02/04/2020,NA,540.542,19,0,02/04/2020,19,0,NA
MEX,Mexico,Latin America & Caribbean,Upper middle income,3,NA,NA,NA,NA,03/04/2020,128932.753,NA,NA,03/04/2020,1510,50,30.2
MHL,Marshall Islands,East Asia & Pacific,Upper middle income,3,NA,NA,NA,NA,15/04/2020,NA,NA,NA,NA,NA,NA,NA
MKD,North Macedonia,Europe & Central Asia,Upper middle income,1,2304,"nationwide: between 21.00 and 05.00, effective from 22 March. On Saturdays and Sundays the curfew is in effect from 4 p.m. to 5 a.m. On Mondays through Fridays the curfew is in effect from 9 p.m. to 5 a.m.  People in need of emergency medical assistance are exempted. Within the villages, agricultural related activity is exempted from the curfew.",https://pandemic.internationalsos.com/2019-ncov/ncov-travel-restrictions-flight-operations-and-screening#MYS,24/03/2020,NA,2083.38,136,2,24/03/2020,136,2,NA
MLI,Mali,Sub-Saharan Africa,Low income,1,4294,National curfew between 9pm and 5am.,https://www.diplomatie.gouv.fr/fr/conseils-aux-voyageurs/conseils-par-pays-destination/mali/,25/03/2020,NA,20250.834,0,0,25/03/2020,0,0,NA
MLT,Malta,Middle East & North Africa,High income,1,4413,"Max 3 person, apart from those co-living allowed in groups outside; fines of 100EUR per person",https://www.gov.mt/en/Government/DOI/Press%20Releases/Pages/2020/March/30/pr200580.aspx,30/03/2020,NA,441.539,156,0,30/03/2020,156,0,NA
MMR,Myanmar,East Asia & Pacific,Lower middle income,3,NA,NA,NA,NA,10/04/2020,54409.794,NA,NA,10/04/2020,27,3,9
MNE,Montenegro,Europe & Central Asia,Upper middle income,1,3112,"valid for 15days: ban on leaving the housing facility for citizens, from Monday to Friday, from 7pm to 5am the following day, and Saturday from 1pm to 5am on Monday. Exceptionally, for the duration of this ban, persons who take their pets out for a walk may stay in the public place for up to 60 minutes. This prohibition does not apply to persons who carry out regular tasks and provide services of public interest, and are an indispensable condition of life and work of citizens (health, inspection bodies, police, military, fire services, utilities, media - including persons coming to media shows, agricultural activities on farms, etc.), as evidenced by a certificate issued by the employer",http://www.gov.me/en/News/223443/New-measures-Ban-on-leaving-home-in-working-days-and-at-night-on-Saturday-afternoons-and-on-Sundays-all-day.html,30/03/2020,NA,628.062,85,1,30/03/2020,85,1,NA
MNG,Mongolia,East Asia & Pacific,Lower middle income,3,NA,NA,NA,NA,27/03/2020,3278.292,NA,NA,27/03/2020,11,0,NA
MNP,Northern Mariana Islands,East Asia & Pacific,High income,4,NA,NA,NA,NA,NA,NA,NA,NA,NA,NA,NA,NA
MOZ,Mozambique,Sub-Saharan Africa,Low income,3,NA,NA,NA,NA,14/04/2020,31255.435,NA,NA,14/04/2020,27,0,NA
MRT,Mauritania,Sub-Saharan Africa,Lower middle income,1,1910,The government imposed a stricter curfew of 18:00-06:00.,https://www.africanews.com/2020/03/21/covid-19-mauritania-enforces-curfew//,21/03/2020,NA,4649.66,2,0,21/03/2020,2,0,NA
MUS,Mauritius,Sub-Saharan Africa,Upper middle income,1,3360,"Curfew imposed from 23 March at 20:00 until 2 April at 20:00. Only those providing essential services and who have a permit will be able to travel. Workplace Access Permits required during curfew, as enforced by the Mauritius Police. Implementing restricted areas.",https://www.facebook.com/notes/coronavirus-moris/couvre-feu-curfew/109439437362384/?__tn__=HH-R,23/03/2020,NA,1271.767,28,2,23/03/2020,28,2,NA
MWI,Malawi,Sub-Saharan Africa,Low income,1,5426,"Malawi declares a 21 day lockdown 19th april to midnight 9th May: With the exception of law enforcement officers and providers of essential goods and services, people will need to seek permission to leave the area around their homes. local markets will be allowed to open between 05:00 and 18:00 local time. There is a ban on buying alcohol.",https://www.facebook.com/pg/malawigovernment/posts/,19/04/2020,NA,19129.955,17,2,19/04/2020,17,2,NA
MYS,Malaysia,East Asia & Pacific,Upper middle income,1,1365,"Movement Control Order (MCO) in place from March 18-31 in place under the Prevention and Control of Infectious Diseases Act 1988 and the Police Act 1967. Government and private offices apart from those providing essential services are closed. All shops other than businesses dealing with daily essentials – such as food and pharmaceutical stores are closed. The Chief Minister of Sarawak has announced that people will only be allowed to leave their homes in order to buy daily necessities, essential goods and services.",https://www.malaysia.gov.my/portal/index,18/03/2020,NA,32365.998,673,2,18/03/2020,673,2,NA
NAM,Namibia,Sub-Saharan Africa,Upper middle income,1,2422,"People may only leave their homes if they are exempt to the lockdown rules (keyworkers), to buy essential items, for medical reasons, or for some exercise in groups of no more than 3. Breaking the lockdown will result in a spot fine or arrest.",https://www.garda.com/crisis24/news-alerts/326116/namibia-authorities-ban-entry-of-all-foreign-nationals-due-to-covid-19-march-24-update-1,28/03/2020,NA,2540.916,8,0,28/03/2020,8,0,NA
NCL,New Caledonia,East Asia & Pacific,High income,4,NA,NA,NA,NA,NA,285.491,NA,NA,NA,NA,NA,NA
NER,Niger,Sub-Saharan Africa,Low income,1,3230,A curfew is in effect from 7 p.m. to 6 a.m. in the city of Niamey.,https://ne.usembassy.gov/u-s-citizen-services/covid-19-information/,28/03/2020,NA,24206.636,10,1,28/03/2020,10,1,NA
NGA,Nigeria,Sub-Saharan Africa,Lower middle income,1,3116,All people are told to remain at home and all but essential businessed are closed for a period of 14 days.,https://www.aljazeera.com/news/2020/03/nigeria-announces-lockdown-major-cities-curb-coronavirus-200330095100706.html,30/03/2020,NA,206139.587,97,1,30/03/2020,97,1,NA
NIC,Nicaragua,Latin America & Caribbean,Lower middle income,3,NA,NA,NA,NA,14/04/2020,6624.554,NA,NA,14/04/2020,9,1,NA
NLD,Netherlands,Europe & Central Asia,High income,1,2146,"Gatherings of 3 or more people that do not keep a 1.5 meter distance are forbidden. This does not apply to children or to people in the same household, such as families.",https://www.government.nl/latest/news/2020/03/23/stricter-measures-to-control-coronavirus,23/03/2020,NA,17134.873,4204,179,23/03/2020,4204,179,23.48603352
NOR,Norway,Europe & Central Asia,High income,3,NA,NA,NA,NA,08/04/2020,5421.242,NA,NA,08/04/2020,5863,69,84.97101449
NPL,Nepal,South Asia,Low income,1,2599,"the Nepal government decided to lockdown the whole country from 24 March at 6AM for one week till 31 March 6AM. This would be a much stricter stay-at-home order that would bring all movement to a halt and also close all government offices, businesses and shops.",https://www.nepalitimes.com/banner/nepal-goes-into-lockdown-for-a-week/,24/03/2020,NA,29136.808,2,0,24/03/2020,2,0,NA
NRU,Nauru,East Asia & Pacific,Upper middle income,3,NA,NA,NA,NA,09/04/2020,NA,NA,NA,NA,NA,NA,NA
NZL,New Zealand,East Asia & Pacific,High income,1,1491,"At 11.59pm on Wednesday 25th March, New Zealand will go into full lockdown for 4 weeks as we move into Covid-19 alert level 4. New Zealanders who are outside of essential services must stay at home and stop all interactions with others outside of those in your households.",https://covid19.govt.nz/government-actions/covid-19-alert-level/,25/03/2020,NA,4822.233,189,0,25/03/2020,189,0,NA
OMN,Oman,Middle East & North Africa,High income,3,NA,NA,NA,NA,06/04/2020,5106.622,NA,NA,06/04/2020,298,2,NA
PAK,Pakistan,South Asia,Lower middle income,3,NA,NA,NA,NA,20/03/2020,220892.331,NA,NA,20/03/2020,478,2,NA
PAN,Panama,Latin America & Caribbean,High income,1,1205,"nationwide curfew from 9:00 p.m. to 5:00 a.m.  There are some exemptions:  public services, hospitals, airports/ports, pharmacies, gas stations, supermarkets, food delivery services, the energy sector, and emergency services, among others",https://pa.usembassy.gov/health-alert-u-s-embassy-panama-city-panama-march-19-2020/,18/03/2020,NA,4314.768,86,1,18/03/2020,86,1,NA
PER,Peru,Latin America & Caribbean,Upper middle income,1,4578,National curfew from from 6:00 p.m. – 5:00 a.m. for most of Peru (including Lima and Cusco).,https://pe.usembassy.gov/covid-19-information/,26/03/2020,NA,32971.846,558,8,26/03/2020,558,8,69.75
PHL,Philippines,East Asia & Pacific,Lower middle income,1,2191,Many local government units (including in Metro Manila) have announced overnight curfews (most commonly between 2000 and 0500),https://abcnews.go.com/International/wireStory/philippines-declares-night-curfew-manila-fight-virus-69595134,14/03/2020,NA,109581.085,64,6,14/03/2020,64,6,10.66666667
PLW,Palau,East Asia & Pacific,High income,3,NA,NA,NA,NA,09/04/2020,NA,NA,NA,NA,NA,NA,NA
PNG,Papua New Guinea,East Asia & Pacific,Lower middle income,1,1502,14 day national lockdown starting tomorrow March 24,https://www.rnz.co.nz/news/pacific/412357/coronavirus-png-announces-lockdown-solomons-closes-border-to-non-citizens,24/03/2020,NA,8947.027,1,0,24/03/2020,1,0,NA
POL,Poland,Europe & Central Asia,High income,1,2315,"People are not allowed to leave their home, apart for essential matters, including any kind of work",https://www.gov.pl/web/koronawirus/wprowadzamy-nowe-zasady-bezpieczenstwa-w-zwiazku-z-koronawirusem,24/03/2020,NA,37846.605,749,8,24/03/2020,749,8,93.625
PRI,Puerto Rico,Latin America & Caribbean,High income,4,NA,NA,NA,NA,NA,2860.84,NA,NA,NA,NA,NA,NA
PRK,"Korea, Dem. People’s Rep.",East Asia & Pacific,Low income,3,NA,NA,NA,NA,21/03/2020,25778.815,NA,NA,NA,NA,NA,NA
PRT,Portugal,Europe & Central Asia,High income,1,1096,"From March 22, for at least 15 days, all non-essential businesses will be closed to customers, although restaurants will be allowed to provide takeaway services. Supermarkets, pharmacies, bakeries, petrol stations and banks will remain open but must implement capacity restrictions.",https://jornaleconomico.sapo.pt/en/noticias/oficial-estes-sao-os-estabelecimentos-que-vao-estar-abertos-e-fechados-durante-o-estado-de-emergencia-563711,22/03/2020,NA,10196.707,1280,12,22/03/2020,1280,12,106.6666667
PRY,Paraguay,Latin America & Caribbean,Upper middle income,1,1978,Curfew instaured from 8pm to 4am.,https://www.mspbs.gov.py/que-esta-haciendo-el-ministerio-de-salud-covid19.html,17/03/2020,NA,7132.53,9,0,17/03/2020,9,0,NA
PSE,State of Palestine,Middle East & North Africa,Lower middle income,1,4057,"22 March until 5 April a ban on all non-essential movements outside one’s own accommodation. Key workers, including health workers, pharmacists, bakers, public administration staff and those working in grocery stores are exempt from this ban.",https://pandemic.internationalsos.com/2019-ncov/ncov-travel-restrictions-flight-operations-and-screening#MYS,22/03/2020,NA,5101.416,52,0,22/03/2020,52,0,NA
PYF,French Polynesia,East Asia & Pacific,High income,4,NA,NA,NA,NA,NA,280.904,NA,NA,NA,NA,NA,NA
QAT,Qatar,Middle East & North Africa,High income,3,NA,NA,NA,NA,27/03/2020,2881.06,NA,NA,27/03/2020,549,0,NA
ROU,Romania,Europe & Central Asia,Upper middle income,1,1398,"No more than 3 people who do not live together, all non essentials, only leave house for necessary goods/services, and short trips outdoors for physcial activity etc.",https://stirioficiale.ro/informatii/ordonanta-militara-nr-2-din-21-03-2020-privind-masuri-de-prevenire-a-raspandirii-covid-19,22/03/2020,NA,19237.682,367,0,22/03/2020,367,0,NA
RUS,Russia,Europe & Central Asia,Upper middle income,1,3124,"Moscow: From 30 March, all people (regardless of age) in the capital Moscow and the rest of the Moscow Oblast should self-isolate at home until further notice. All non-essential movement in the city will be banned although entering and exiting Moscow will still be possible, and walking pets at a distance may not exceed 100 meters from one’s residence",https://pandemic.internationalsos.com/2019-ncov/ncov-travel-restrictions-flight-operations-and-screening#MYS,30/03/2020,NA,145934.46,1534,8,30/03/2020,1534,8,191.75
RWA,Rwanda,Sub-Saharan Africa,Low income,1,1828,"Announcement of lockdown for the country of Rwanda for a period of 2 weeks. Preventative measures for the next 2 weeks: non-essential movement outside the home is not permitted, all employees shall work from home except those providing essential services, non-essential shops and markets are closed, all bars are closed, and motos/restaurants/cafes may only provide take-away/delivery services.",https://www.rbc.gov.rw/fileadmin/user_upload/guide/announcement%20on%20enhanced%20COVID-19%20prevention%20measures.pdf,21/03/2020,NA,12952.209,17,0,21/03/2020,17,0,NA
SAU,Saudi Arabia,Middle East & North Africa,High income,1,2355,"21 days. A night curfew between 19.00 and 06.00 will be imposed for 21 days starting from 23 March. BUT curfew will begin at 15.00 instead of 19.00 in the three cities of Riyadh, Mecca and Medina. **exceptions: apply to those in vital public and private sectors such as security, military and media. Those who work in health services are also excluded from the curfew.",https://pandemic.internationalsos.com/2019-ncov/ncov-travel-restrictions-flight-operations-and-screening#MYS,23/03/2020,NA,34813.867,511,0,23/03/2020,511,0,NA
SDN,Sudan,Sub-Saharan Africa,Lower middle income,1,2994,Curfew of 8pm - 6am.,https://www.dabangasudan.org/en/all-news/article/coronavirus-sudan-needs-a-total-lock-down-for-two-weeks,24/03/2020,NA,43849.269,2,1,24/03/2020,2,1,NA
SEN,Senegal,Sub-Saharan Africa,Lower middle income,3,NA,NA,NA,NA,09/04/2020,16743.93,NA,NA,09/04/2020,244,2,NA
SGP,Singapore,East Asia & Pacific,High income,2,NA,NA,NA,NA,NA,5850.343,NA,NA,15/04/2020,3252,10,325.2
SLB,Solomon Islands,East Asia & Pacific,Lower middle income,1,5448,"curfew exercise in the capital Honiara from 8pm to 5pm Friday night and Saturday as part of preparations for a potential outbreak of Covid-19. During that time, residents of Honiara city are called on to remain in their homes. Shops and businesses are also not expected to open during the curfew hours.",https://www.rnz.co.nz/international/pacific-news/413943/solomons-pm-bans-small-watercraft-crossings-at-border-with-png,10/04/2020,NA,686.878,0,0,10/04/2020,0,0,NA
SLE,Sierra Leone,Sub-Saharan Africa,Low income,1,4306,"Sierra Leone announces 72 hour lockdown 5th, 6th, 7th of april are dyas where everyone is to stay at home.",https://www.africanews.com/2020/04/02/virus-free-sierra-leone-records-covid-19-scuffles-over-quarantine-at-airport//,05/04/2020,NA,7976.985,4,0,05/04/2020,4,0,NA
SLV,El Salvador,Latin America & Caribbean,Lower middle income,1,3625,"From March 22, the Government of El Salvador issued a mandatory 30-day home quarantine period for individuals in #ElSalvador. Some exceptions to the quarantine include medical & police services, journalists, food delivery, grocery shopping (1 person per family), and banking.",https://sv.usembassy.gov/covid-19-information/,22/03/2020,NA,6486.201,3,0,22/03/2020,3,0,NA
SMR,San Marino,Europe & Central Asia,High income,3,NA,NA,NA,NA,20/03/2020,NA,NA,NA,20/03/2020,126,14,9
SOM,Somalia,Sub-Saharan Africa,Low income,1,5412,"Government of Somalia imposes night curfew in Moghadishu starting at 8pm April 15, from 8:00pm and 5:00am local time. No date has been set for lifting the curfew. It will not affect shops that are selling dry foods, hospitals and pharmacies, officials say.",https://www.voanews.com/science-health/coronavirus-outbreak/somalia-imposes-nighttime-curfew,15/04/2020,NA,15893.219,60,2,15/04/2020,60,2,NA
SRB,Serbia,Europe & Central Asia,Upper middle income,1,3961,state of emergency with widespread travel restrictions and curfews.,https://rs.usembassy.gov/covid-19-information/,03/04/2020,NA,8737.37,1171,31,03/04/2020,1171,31,37.77419355
SSD,South Sudan,Sub-Saharan Africa,Low income,1,5413,South sudan has curfew from 8pm to 6am.,https://www.osac.gov/Content/Report/10c44b03-fdf8-4249-856a-1848aca55939,25/03/2020,NA,11193.729,0,0,25/03/2020,0,0,NA
STP,Sao Tome and Principe,Sub-Saharan Africa,Lower middle income,3,NA,NA,NA,NA,02/04/2020,219.161,NA,NA,NA,NA,NA,NA
SUR,Suriname,Latin America & Caribbean,Upper middle income,1,3582,the authorities introduced a curfew between 8 p.m. and 6 a.m. in effect until April 12. This measure is renewable.,https://www.diplomatie.gouv.fr/fr/conseils-aux-voyageurs/conseils-par-pays-destination/suriname/,29/03/2020,NA,586.634,8,0,29/03/2020,8,0,NA
SVK,Slovakia,Europe & Central Asia,High income,3,NA,NA,NA,NA,09/04/2020,5459.643,NA,NA,09/04/2020,682,2,NA
SVN,Slovenia,Europe & Central Asia,High income,3,NA,NA,NA,NA,04/04/2020,2078.932,NA,NA,04/04/2020,934,20,46.7
SWE,Sweden,Europe & Central Asia,High income,3,NA,NA,NA,NA,18/04/2020,10099.27,NA,NA,18/04/2020,13216,1400,9.44
SWZ,Eswatini,Sub-Saharan Africa,Lower middle income,1,2692,Partial lockdown to be enforced for 20 days.,https://twitter.com/EswatiniGovern1/status/1243203567550377986/photo/1,27/03/2020,NA,1160.164,6,0,27/03/2020,6,0,NA
SXM,Sint Maarten (Dutch part),Latin America & Caribbean,High income,4,NA,NA,NA,NA,NA,NA,NA,NA,NA,NA,NA,NA
SYC,Seychelles,Sub-Saharan Africa,High income,1,4704,all non- essentials until 8. April 2020. police deployed,https://pandemic.internationalsos.com/2019-ncov/ncov-travel-restrictions-flight-operations-and-screening#MYS,08/04/2020,NA,98.34,10,0,08/04/2020,10,0,NA
SYR,Syria,Middle East & North Africa,Low income,1,4488,Curfew from 1800 to 0600,https://acaps.sharepoint.com/:w:/r/sites/covid-19response/_layouts/15/Doc.aspx?sourcedoc=%7B4BD7DA89-4077-44C8-B6C3-75F03E1E90C8%7D&file=20200331%20Global-%20States%20of%20emergency.docx&action=default&mobileredirect=true,25/03/2020,NA,17500.657,1,0,25/03/2020,1,0,NA
TCA,Turks and Caicos Islands,Latin America & Caribbean,High income,4,NA,NA,NA,NA,NA,NA,NA,NA,NA,NA,NA,NA
TCD,Chad,Sub-Saharan Africa,Low income,1,4701,"Extension of the mandatory curfew between 7pm and 6am to the cities of Mandella, Logone-Gana and N'Djamena-Farah.",https://www.facebook.com/sggtchad/photos/a.1413843668653340/2961219870582371/?type=3&theater,03/04/2020,NA,16425.859,7,0,03/04/2020,7,0,NA
TGO,Togo,Sub-Saharan Africa,Low income,1,4586,National curfew from 8pm to 6am.,https://covid19.gouv.tg/,02/04/2020,NA,8278.737,36,2,02/04/2020,36,2,NA
THA,Thailand,East Asia & Pacific,Upper middle income,1,4715,From 3 April a daily curfew is in place nationwide from 22.00 to 04.00. Essential services are exempted from this restriction.,https://th.usembassy.gov/covid-19-information/,03/04/2020,NA,69799.978,1875,15,03/04/2020,1875,15,125
TJK,Tajikistan,Europe & Central Asia,Low income,3,NA,NA,NA,NA,05/04/2020,9537.642,NA,NA,NA,NA,NA,NA
TKM,Turkmenistan,Europe & Central Asia,Upper middle income,3,NA,NA,NA,NA,01/04/2020,6031.187,NA,NA,NA,NA,NA,NA
TLS,Timor-Leste,East Asia & Pacific,Lower middle income,4,NA,NA,NA,NA,NA,1318.442,NA,NA,NA,NA,NA,NA
TON,Tonga,East Asia & Pacific,Upper middle income,1,2614,"Under the lockdown, night-time curfews will be in place from 8pm to 6am and will be enforced by the Police, the Armed Forces and other authorised officers.",https://www.rnz.co.nz/international/pacific-news/412708/tonga-declares-lockdown-starting-this-weekend,26/03/2020,NA,105.697,0,0,26/03/2020,0,0,NA
TTO,Trinidad and Tobago,Latin America & Caribbean,High income,3,NA,NA,NA,NA,03/03/2020,1399.491,NA,NA,NA,NA,NA,NA
TUN,Tunisia,Middle East & North Africa,Lower middle income,3,NA,NA,NA,NA,18/03/2020,11818.618,NA,NA,18/03/2020,24,0,NA
TUR,Turkey,Europe & Central Asia,Upper middle income,1,5225,"A two-day curfew has been renewed on  31 of the country’s 81 provinces, namely Adana, Ankara, Antalya, Aydin, Balikesir, Bursa, Denizli, Diyarbakir, Erzurum, Eskisehir, Gaziantep, Hatay, Istanbul, Izmir, Kahramanmaras, Kayseri, Kocaeli, Konya, Malatya, Manisa, Mardin, Mersin, Mugla, Ordu, Sakarya, Samsun, Sanliurfa, Tekirdag, Trabzon, Van and Zonguldak. This affects the capital Ankara and the commercial capital Istanbul (Istanbul province). The curfew will operate from 00.00, 18 April - 00.00, 20 April.",https://pandemic.internationalsos.com/2019-ncov/ncov-travel-restrictions-flight-operations-and-screening#MYS,18/03/2020,NA,84339.067,98,0,18/03/2020,98,0,NA
TUV,Tuvalu,East Asia & Pacific,Upper middle income,1,4384,All public gatherings of 10 or more people are banned.,https://pandemic.internationalsos.com/2019-ncov/ncov-travel-restrictions-flight-operations-and-screening,26/03/2020,NA,NA,0,0,26/03/2020,0,0,NA
TZA,Tanzania,Sub-Saharan Africa,Low income,3,NA,NA,NA,NA,11/04/2020,59734.213,NA,NA,11/04/2020,32,3,10.66666667
UGA,Uganda,Sub-Saharan Africa,Low income,1,3316,"14 day lockdown announced. All people to people movement by everybody including those using their private vehicles, bodabodas, tuk-tuks, etc is prohibited.",https://www.aa.com.tr/en/africa/uganda-declares-curfew-to-curb-spread-of-covid-19/1785775,30/03/2020,NA,45741,33,0,30/03/2020,33,0,NA
UKR,Ukraine,Europe & Central Asia,Lower middle income,1,3986,"Only pharmacies, grocery stores should remain open: Ukraine's health chief on minimizing Covid-19 spread",https://www.unian.info/society/10915721-only-pharmacies-grocery-stores-should-remain-open-ukraine-s-health-chief-on-minimizing-covid-19-spread.html,15/03/2020,NA,43733.759,3,0,15/03/2020,3,0,NA
URY,Uruguay,Latin America & Caribbean,High income,3,NA,NA,NA,NA,13/04/2020,3473.727,NA,NA,13/04/2020,465,8,58.125
USA,United States,North America,High income,2,NA,NA,NA,NA,NA,331002.647,NA,NA,05/03/2020,159,11,14.45454545
UZB,Uzbekistan,Europe & Central Asia,Lower middle income,3,NA,NA,NA,NA,02/03/2020,33469.199,NA,NA,NA,NA,NA,NA
VCT,St. Vincent and the Grenadines,Latin America & Caribbean,Upper middle income,3,NA,NA,NA,NA,01/04/2020,110.947,NA,NA,01/04/2020,1,0,NA
VEN,Venezuela,Latin America & Caribbean,Upper middle income,1,770,Partial quarantine expanded to entire country.,https://www.reuters.com/article/us-health-coronavirus-venezuela/venezuelans-say-they-need-to-go-out-to-work-despite-coronavirus-quarantine-idUSKBN2132FD,16/03/2020,NA,28435.943,15,0,16/03/2020,15,0,NA
VGB,British Virgin Islands,Latin America & Caribbean,High income,4,NA,NA,NA,NA,NA,NA,NA,NA,NA,NA,NA,NA
VIR,United States Virgin Islands,Latin America & Caribbean,High income,4,NA,NA,NA,NA,NA,104.423,NA,NA,NA,NA,NA,NA
VNM,Vietnam,East Asia & Pacific,Lower middle income,3,NA,NA,NA,NA,15/03/2020,97338.583,NA,NA,15/03/2020,53,0,NA
VUT,Vanuatu,East Asia & Pacific,Lower middle income,3,NA,NA,NA,NA,14/04/2020,307.15,NA,NA,NA,NA,NA,NA
WSM,Samoa,East Asia & Pacific,Upper middle income,1,2607,Samoa under 2 week lockdown -effective midnight Mar 25 - April 8,https://www.rnz.co.nz/international/pacific-news/412587/samoa-to-fine-people-who-don-t-adhere-to-covid-19-restrictions,25/03/2020,NA,198.41,0,0,25/03/2020,0,0,NA
XKX,Kosovo,Europe & Central Asia,Upper middle income,4,NA,NA,NA,NA,NA,NA,NA,NA,NA,NA,NA,NA
YEM,Yemen,Middle East & North Africa,Low income,3,NA,NA,NA,NA,26/03/2020,29825.968,NA,NA,NA,NA,NA,NA
ZAF,South Africa,Sub-Saharan Africa,Upper middle income,1,1844,All of South Africa will go into total lockdown from the midight 26th March until 16th of April . This means individuals will not be allowed to leave their homes except for strict reasons (aside from essential workers in the response). Detention and/or fine will be punishment for breaking the rules.,https://twitter.com/GovernmentZA?ref_src=twsrc%5Egoogle%7Ctwcamp%5Eserp%7Ctwgr%5Eauthor,27/03/2020,NA,59308.69,927,2,27/03/2020,927,2,NA
ZMB,Zambia,Sub-Saharan Africa,Lower middle income,3,NA,NA,NA,NA,13/04/2020,18383.956,NA,NA,13/04/2020,43,2,NA
ZWE,Zimbabwe,Sub-Saharan Africa,Lower middle income,1,2956,"Zimbabwe will go into lockdown for three weeks from Monday. All will be required to stay at home, except to buy food and access vital health services. Security agents will be deployed to enforce it. Only State and health workers and those who maintain key infrastructure such as power, water and sanitation, among others, will be exempted from the lockdown. Alcohol sale will be banned during this period.",https://www.africanews.com/2020/03/27/coronavirus-hub-impact-of-outbreak-across-africa/,30/03/2020,NA,14862.927,7,1,30/03/2020,7,1,NA